country,date,exchange,buying_cash,selling_cash,sending_money,getting_money,buying_TC,selling_check
USA,2019.12.13,1172.00,1192.51,1151.49,1183.40,1160.60,1186.06,1159.44
USA,2019.12.12,1189.00,1209.80,1168.20,1200.60,1177.40,1203.26,1176.22
USA,2019.12.11,1194.70,1215.60,1173.80,1206.40,1183.00,1209.03,1181.82
USA,2019.12.10,1192.00,1212.86,1171.14,1203.60,1180.40,1206.30,1179.22
USA,2019.12.09,1191.00,1211.84,1170.16,1202.60,1179.40,1205.29,1178.23
USA,2019.12.06,1189.50,1210.31,1168.69,1201.10,1177.90,1203.77,1176.73
USA,2019.12.05,1191.00,1211.84,1170.16,1202.60,1179.40,1205.29,1178.23
USA,2019.12.04,1193.00,1213.87,1172.13,1204.60,1181.40,1207.31,1180.23
USA,2019.12.03,1190.00,1210.82,1169.18,1201.60,1178.40,1204.28,1177.23
USA,2019.12.02,1185.00,1205.73,1164.27,1196.60,1173.40,1199.22,1172.24
USA,2019.11.29,1180.00,1200.65,1159.35,1191.50,1168.50,1194.16,1167.34
USA,2019.11.28,1179.00,1199.63,1158.37,1190.50,1167.50,1193.14,1166.35
USA,2019.11.27,1177.50,1198.10,1156.90,1189.00,1166.00,1191.63,1164.84
USA,2019.11.26,1177.50,1198.10,1156.90,1189.00,1166.00,1191.63,1164.84
USA,2019.11.25,1176.50,1197.08,1155.92,1188.00,1165.00,1190.61,1163.84
USA,2019.11.22,1178.00,1198.61,1157.39,1189.50,1166.50,1192.13,1165.34
USA,2019.11.21,1175.50,1196.07,1154.93,1187.00,1164.00,1189.60,1162.84
USA,2019.11.20,1170.50,1190.98,1150.02,1181.90,1159.10,1184.54,1157.94
USA,2019.11.19,1166.50,1186.91,1146.09,1177.90,1155.10,1180.49,1153.95
USA,2019.11.18,1165.50,1185.89,1145.11,1176.90,1154.10,1179.48,1152.95
JAPAN,2019.12.13,1068.66,1087.36,1049.96,1079.13,1058.19,1079.34,1057.72
JAPAN,2019.12.12,1094.39,1113.54,1075.24,1105.11,1083.67,1105.33,1083.19
JAPAN,2019.12.11,1099.43,1118.67,1080.19,1110.20,1088.66,1110.42,1088.17
JAPAN,2019.12.10,1097.96,1117.17,1078.75,1108.72,1087.20,1108.93,1086.71
JAPAN,2019.12.09,1098.10,1117.31,1078.89,1108.86,1087.34,1109.08,1086.85
JAPAN,2019.12.06,1095.51,1114.68,1076.34,1106.24,1084.78,1106.46,1084.30
JAPAN,2019.12.05,1093.01,1112.13,1073.89,1103.72,1082.30,1103.94,1081.82
JAPAN,2019.12.04,1097.97,1117.18,1078.76,1108.73,1087.21,1108.94,1086.73
JAPAN,2019.12.03,1093.30,1112.43,1074.17,1104.01,1082.59,1104.23,1082.11
JAPAN,2019.12.02,1080.76,1099.67,1061.85,1091.35,1070.17,1091.56,1069.69
JAPAN,2019.11.29,1077.18,1096.03,1058.33,1087.73,1066.63,1087.95,1066.15
JAPAN,2019.11.28,1077.25,1096.10,1058.40,1087.80,1066.70,1088.02,1066.20
JAPAN,2019.11.27,1079.14,1098.02,1060.26,1089.71,1068.57,1089.93,1068.07
JAPAN,2019.11.26,1080.52,1099.42,1061.62,1091.10,1069.94,1091.32,1069.44
JAPAN,2019.11.25,1080.89,1099.80,1061.98,1091.48,1070.30,1091.69,1069.80
JAPAN,2019.11.22,1085.36,1104.35,1066.37,1095.99,1074.73,1096.21,1074.23
JAPAN,2019.11.21,1082.26,1101.19,1063.33,1092.86,1071.66,1093.08,1071.16
JAPAN,2019.11.20,1079.35,1098.23,1060.47,1089.92,1068.78,1090.14,1068.28
JAPAN,2019.11.19,1072.05,1090.81,1053.29,1082.55,1061.55,1082.77,1061.05
JAPAN,2019.11.18,1068.82,1087.52,1050.12,1079.29,1058.35,1079.50,1057.86
EUROPE,2019.12.13,1310.18,1336.25,1284.11,1323.28,1297.08,1329.83,1296.56
EUROPE,2019.12.12,1323.30,1349.63,1296.97,1336.53,1310.07,1343.14,1309.54
EUROPE,2019.12.11,1324.32,1350.67,1297.97,1337.56,1311.08,1344.18,1310.55
EUROPE,2019.12.10,1320.32,1346.59,1294.05,1333.52,1307.12,1340.12,1306.59
EUROPE,2019.12.09,1318.56,1344.79,1292.33,1331.74,1305.38,1338.33,1304.85
EUROPE,2019.12.06,1319.75,1346.01,1293.49,1332.94,1306.56,1339.54,1306.03
EUROPE,2019.12.05,1320.82,1347.10,1294.54,1334.02,1307.62,1340.63,1307.09
EUROPE,2019.12.04,1321.37,1347.66,1295.08,1334.58,1308.16,1341.19,1307.63
EUROPE,2019.12.03,1317.45,1343.66,1291.24,1330.62,1304.28,1337.21,1303.75
EUROPE,2019.12.02,1305.10,1331.07,1279.13,1318.15,1292.05,1324.67,1291.53
EUROPE,2019.11.29,1298.35,1324.18,1272.52,1311.33,1285.37,1317.82,1284.85
EUROPE,2019.11.28,1298.49,1324.32,1272.66,1311.47,1285.51,1317.96,1284.98
EUROPE,2019.11.27,1295.78,1321.56,1270.00,1308.73,1282.83,1315.21,1282.30
EUROPE,2019.11.26,1297.25,1323.06,1271.44,1310.22,1284.28,1316.70,1283.75
EUROPE,2019.11.25,1295.91,1321.69,1270.13,1308.86,1282.96,1315.34,1282.43
EUROPE,2019.11.22,1302.40,1328.31,1276.49,1315.42,1289.38,1321.93,1288.85
EUROPE,2019.11.21,1302.63,1328.55,1276.71,1315.65,1289.61,1322.16,1289.08
EUROPE,2019.11.20,1295.22,1320.99,1269.45,1308.17,1282.27,1314.64,1281.74
EUROPE,2019.11.19,1291.37,1317.06,1265.68,1304.28,1278.46,1310.74,1277.94
EUROPE,2019.11.18,1288.87,1314.51,1263.23,1301.75,1275.99,1308.20,1275.47
CHINA,2019.12.13,168.02,176.42,159.62,169.70,166.34,N/A,N/A
CHINA,2019.12.12,168.97,177.41,160.53,170.65,167.29,N/A,N/A
CHINA,2019.12.11,169.78,178.26,161.30,171.47,168.09,N/A,N/A
CHINA,2019.12.10,169.35,177.81,160.89,171.04,167.66,N/A,N/A
CHINA,2019.12.09,169.32,177.78,160.86,171.01,167.63,N/A,N/A
CHINA,2019.12.06,169.24,177.70,160.78,170.93,167.55,N/A,N/A
CHINA,2019.12.05,169.14,177.59,160.69,170.83,167.45,N/A,N/A
CHINA,2019.12.04,169.07,177.52,160.62,170.76,167.38,N/A,N/A
CHINA,2019.12.03,168.40,176.82,159.98,170.08,166.72,N/A,N/A
CHINA,2019.12.02,168.34,176.75,159.93,170.02,166.66,N/A,N/A
CHINA,2019.11.29,167.98,176.37,159.59,169.65,166.31,N/A,N/A
CHINA,2019.11.28,167.71,176.09,159.33,169.38,166.04,N/A,N/A
CHINA,2019.11.27,167.81,176.20,159.42,169.48,166.14,N/A,N/A
CHINA,2019.11.26,167.25,175.61,158.89,168.92,165.58,N/A,N/A
CHINA,2019.11.25,167.36,175.72,159.00,169.03,165.69,N/A,N/A
CHINA,2019.11.22,167.31,175.67,158.95,168.98,165.64,N/A,N/A
CHINA,2019.11.21,167.17,175.52,158.82,168.84,165.50,N/A,N/A
CHINA,2019.11.20,166.34,174.65,158.03,168.00,164.68,N/A,N/A
CHINA,2019.11.19,166.04,174.34,157.74,167.70,164.38,N/A,N/A
CHINA,2019.11.18,166.11,174.41,157.81,167.77,164.45,N/A,N/A
CANADA,2019.12.13,890.92,908.47,873.37,899.82,882.02,904.28,881.01
CANADA,2019.12.12,903.02,920.80,885.24,912.05,893.99,916.56,892.98
CANADA,2019.12.11,902.55,920.33,884.77,911.57,893.53,916.08,892.53
CANADA,2019.12.10,900.44,918.17,882.71,909.44,891.44,913.94,890.44
CANADA,2019.12.09,898.33,916.02,880.64,907.31,889.35,911.80,888.36
CANADA,2019.12.06,902.64,920.42,884.86,911.66,893.62,916.17,892.63
CANADA,2019.12.05,903.64,921.44,885.84,912.67,894.61,917.19,893.61
CANADA,2019.12.04,898.21,915.90,880.52,907.19,889.23,911.68,888.24
CANADA,2019.12.03,894.40,912.01,876.79,903.34,885.46,907.81,884.47
CANADA,2019.12.02,892.22,909.79,874.65,901.14,883.30,905.60,882.30
CANADA,2019.11.29,887.79,905.27,870.31,896.66,878.92,901.10,877.92
CANADA,2019.11.28,886.93,904.40,869.46,895.79,878.07,900.23,877.12
CANADA,2019.11.27,887.64,905.12,870.16,896.51,878.77,900.95,877.82
CANADA,2019.11.26,884.61,902.03,867.19,893.45,875.77,897.87,874.83
CANADA,2019.11.25,884.65,902.07,867.23,893.49,875.81,897.91,874.87
CANADA,2019.11.22,886.81,904.28,869.34,895.67,877.95,900.11,877.00
CANADA,2019.11.21,883.64,901.04,866.24,892.47,874.81,896.89,873.87
CANADA,2019.11.20,879.28,896.60,861.96,888.07,870.49,892.46,869.55
CANADA,2019.11.19,883.28,900.68,865.88,892.11,874.45,896.52,873.51
CANADA,2019.11.18,881.65,899.01,864.29,890.46,872.84,894.87,871.90
AUSTRALIA,2019.12.13,810.56,826.52,794.60,818.66,802.46,822.71,801.63
AUSTRALIA,2019.12.12,818.57,834.69,802.45,826.75,810.39,830.84,809.55
AUSTRALIA,2019.12.11,816.70,832.78,800.62,824.86,808.54,828.95,807.71
AUSTRALIA,2019.12.10,812.35,828.35,796.35,820.47,804.23,824.53,803.43
AUSTRALIA,2019.12.09,812.98,828.99,796.97,821.10,804.86,825.17,804.06
AUSTRALIA,2019.12.06,814.63,830.67,798.59,822.77,806.49,826.84,805.68
AUSTRALIA,2019.12.05,813.45,829.47,797.43,821.58,805.32,825.65,804.51
AUSTRALIA,2019.12.04,814.88,830.93,798.83,823.02,806.74,827.10,805.93
AUSTRALIA,2019.12.03,814.32,830.36,798.28,822.46,806.18,826.53,805.40
AUSTRALIA,2019.12.02,804.32,820.16,788.48,812.36,796.28,816.38,795.51
AUSTRALIA,2019.11.29,799.63,815.38,783.88,807.62,791.64,811.62,790.87
AUSTRALIA,2019.11.28,797.89,813.60,782.18,805.86,789.92,809.85,789.30
AUSTRALIA,2019.11.27,798.76,814.49,783.03,806.74,790.78,810.74,790.15
AUSTRALIA,2019.11.26,797.99,813.71,782.27,805.96,790.02,809.95,789.41
AUSTRALIA,2019.11.25,798.67,814.40,782.94,806.65,790.69,810.65,790.08
AUSTRALIA,2019.11.22,799.74,815.49,783.99,807.73,791.75,811.73,791.13
AUSTRALIA,2019.11.21,800.46,816.22,784.70,808.46,792.46,812.46,791.83
AUSTRALIA,2019.11.20,797.29,812.99,781.59,805.26,789.32,809.24,788.70
AUSTRALIA,2019.11.19,795.49,811.16,779.82,803.44,787.54,807.42,786.92
AUSTRALIA,2019.11.18,793.65,809.28,778.02,801.58,785.72,805.55,785.09
TAIWAN,2019.12.13,38.78,43.86,36.07,0.00,0.00,N/A,N/A
TAIWAN,2019.12.12,39.17,44.30,36.43,0.00,0.00,N/A,N/A
TAIWAN,2019.12.11,39.22,44.35,36.48,0.00,0.00,N/A,N/A
TAIWAN,2019.12.10,39.12,44.24,36.39,0.00,0.00,N/A,N/A
TAIWAN,2019.12.09,39.05,44.16,36.32,0.00,0.00,N/A,N/A
TAIWAN,2019.12.06,39.03,44.14,36.30,0.00,0.00,N/A,N/A
TAIWAN,2019.12.05,39.04,44.15,36.31,0.00,0.00,N/A,N/A
TAIWAN,2019.12.04,39.14,44.26,36.41,0.00,0.00,N/A,N/A
TAIWAN,2019.12.03,38.98,44.08,36.26,0.00,0.00,N/A,N/A
TAIWAN,2019.12.02,38.84,43.92,36.13,0.00,0.00,N/A,N/A
TAIWAN,2019.11.29,38.67,43.73,35.97,0.00,0.00,N/A,N/A
TAIWAN,2019.11.28,38.67,43.73,35.97,0.00,0.00,N/A,N/A
TAIWAN,2019.11.27,38.55,43.60,35.86,0.00,0.00,N/A,N/A
TAIWAN,2019.11.26,38.57,43.62,35.88,0.00,0.00,N/A,N/A
TAIWAN,2019.11.25,38.55,43.60,35.86,0.00,0.00,N/A,N/A
TAIWAN,2019.11.22,38.57,43.62,35.88,0.00,0.00,N/A,N/A
TAIWAN,2019.11.21,38.54,43.58,35.85,0.00,0.00,N/A,N/A
TAIWAN,2019.11.20,38.35,43.37,35.67,0.00,0.00,N/A,N/A
TAIWAN,2019.11.19,38.25,43.26,35.58,0.00,0.00,N/A,N/A
TAIWAN,2019.11.18,38.22,43.22,35.55,0.00,0.00,N/A,N/A
HONGKONG,2019.12.13,150.31,153.27,147.35,151.81,148.81,N/A,148.65
HONGKONG,2019.12.12,152.32,155.32,149.32,153.84,150.80,N/A,150.64
HONGKONG,2019.12.11,152.93,155.94,149.92,154.45,151.41,N/A,151.25
HONGKONG,2019.12.10,152.32,155.32,149.32,153.84,150.80,N/A,150.64
HONGKONG,2019.12.09,152.15,155.14,149.16,153.67,150.63,N/A,150.47
HONGKONG,2019.12.06,151.94,154.93,148.95,153.45,150.43,N/A,150.27
HONGKONG,2019.12.05,152.12,155.11,149.13,153.64,150.60,N/A,150.44
HONGKONG,2019.12.04,152.39,155.39,149.39,153.91,150.87,N/A,150.71
HONGKONG,2019.12.03,152.00,154.99,149.01,153.52,150.48,N/A,150.32
HONGKONG,2019.12.02,151.37,154.35,148.39,152.88,149.86,N/A,149.70
HONGKONG,2019.11.29,150.79,153.76,147.82,152.29,149.29,N/A,149.14
HONGKONG,2019.11.28,150.63,153.59,147.67,152.13,149.13,N/A,148.98
HONGKONG,2019.11.27,150.42,153.38,147.46,151.92,148.92,N/A,148.77
HONGKONG,2019.11.26,150.44,153.40,147.48,151.94,148.94,N/A,148.80
HONGKONG,2019.11.25,150.30,153.26,147.34,151.80,148.80,N/A,148.65
HONGKONG,2019.11.22,150.55,153.51,147.59,152.05,149.05,N/A,148.89
HONGKONG,2019.11.21,150.30,153.26,147.34,151.80,148.80,N/A,148.64
HONGKONG,2019.11.20,149.56,152.50,146.62,151.05,148.07,N/A,147.91
HONGKONG,2019.11.19,149.02,151.95,146.09,150.51,147.53,N/A,147.36
HONGKONG,2019.11.18,148.89,151.82,145.96,150.37,147.41,N/A,147.25
MALAYSIA,2019.12.13,283.47,301.32,262.50,0.00,280.64,N/A,N/A
MALAYSIA,2019.12.12,285.85,303.85,264.70,0.00,283.00,N/A,N/A
MALAYSIA,2019.12.11,286.88,304.95,265.66,0.00,284.02,N/A,N/A
MALAYSIA,2019.12.10,286.23,304.26,265.05,0.00,283.37,N/A,N/A
MALAYSIA,2019.12.09,286.23,304.26,265.05,0.00,283.37,N/A,N/A
MALAYSIA,2019.12.06,285.97,303.98,264.81,0.00,283.12,N/A,N/A
MALAYSIA,2019.12.05,285.65,303.64,264.52,0.00,282.80,N/A,N/A
MALAYSIA,2019.12.04,285.65,303.64,264.52,0.00,282.80,N/A,N/A
MALAYSIA,2019.12.03,285.06,303.01,263.97,0.00,282.21,N/A,N/A
MALAYSIA,2019.12.02,283.49,301.34,262.52,0.00,280.66,N/A,N/A
MALAYSIA,2019.11.29,282.53,300.32,261.63,0.00,279.71,N/A,N/A
MALAYSIA,2019.11.28,282.50,300.29,261.60,0.00,279.68,N/A,N/A
MALAYSIA,2019.11.27,282.24,300.02,261.36,0.00,279.42,N/A,N/A
MALAYSIA,2019.11.26,281.50,299.23,260.67,0.00,278.69,N/A,N/A
MALAYSIA,2019.11.25,281.56,299.29,260.73,0.00,278.75,N/A,N/A
MALAYSIA,2019.11.22,282.32,300.10,261.43,0.00,279.50,N/A,N/A
MALAYSIA,2019.11.21,281.93,299.69,261.07,0.00,279.12,N/A,N/A
MALAYSIA,2019.11.20,281.00,298.70,260.21,0.00,278.19,N/A,N/A
MALAYSIA,2019.11.19,280.58,298.25,259.82,0.00,277.78,N/A,N/A
MALAYSIA,2019.11.18,280.47,298.13,259.72,0.00,277.67,N/A,N/A
SINGAPORE,2019.12.13,866.83,884.07,849.59,875.49,858.17,N/A,857.35
SINGAPORE,2019.12.12,875.97,893.40,858.54,884.72,867.22,N/A,866.39
SINGAPORE,2019.12.11,878.68,896.16,861.20,887.46,869.90,N/A,869.07
SINGAPORE,2019.12.10,876.70,894.14,859.26,885.46,867.94,N/A,867.11
SINGAPORE,2019.12.09,875.83,893.25,858.41,884.58,867.08,N/A,866.25
SINGAPORE,2019.12.06,874.70,892.10,857.30,883.44,865.96,N/A,865.13
SINGAPORE,2019.12.05,874.71,892.11,857.31,883.45,865.97,N/A,865.14
SINGAPORE,2019.12.04,874.70,892.10,857.30,883.44,865.96,N/A,865.13
SINGAPORE,2019.12.03,871.32,888.65,853.99,880.03,862.61,N/A,861.78
SINGAPORE,2019.12.02,865.82,883.04,848.60,874.47,857.17,N/A,856.35
SINGAPORE,2019.11.29,863.68,880.86,846.50,872.31,855.05,N/A,854.23
SINGAPORE,2019.11.28,863.26,880.43,846.09,871.89,854.63,N/A,853.81
SINGAPORE,2019.11.27,861.85,879.00,844.70,870.46,853.24,N/A,852.42
SINGAPORE,2019.11.26,861.85,879.00,844.70,870.46,853.24,N/A,852.42
SINGAPORE,2019.11.25,861.94,879.09,844.79,870.55,853.33,N/A,852.51
SINGAPORE,2019.11.22,864.37,881.57,847.17,873.01,855.73,N/A,854.93
SINGAPORE,2019.11.21,863.42,880.60,846.24,872.05,854.79,N/A,853.99
SINGAPORE,2019.11.20,859.62,876.72,842.52,868.21,851.03,N/A,850.24
SINGAPORE,2019.11.19,857.44,874.50,840.38,866.01,848.87,N/A,848.08
SINGAPORE,2019.11.18,856.67,873.71,839.63,865.23,848.11,N/A,847.32
PHILIPPINES,2019.12.13,23.16,25.47,21.27,23.39,22.93,N/A,N/A
PHILIPPINES,2019.12.12,23.42,25.76,21.50,23.65,23.19,N/A,N/A
PHILIPPINES,2019.12.11,23.50,25.85,21.58,23.73,23.27,N/A,N/A
PHILIPPINES,2019.12.10,23.45,25.79,21.53,23.68,23.22,N/A,N/A
PHILIPPINES,2019.12.09,23.45,25.79,21.53,23.68,23.22,N/A,N/A
PHILIPPINES,2019.12.06,23.40,25.74,21.49,23.63,23.17,N/A,N/A
PHILIPPINES,2019.12.05,23.42,25.76,21.50,23.65,23.19,N/A,N/A
PHILIPPINES,2019.12.04,23.41,25.75,21.50,23.64,23.18,N/A,N/A
PHILIPPINES,2019.12.03,23.29,25.61,21.39,23.52,23.06,N/A,N/A
PHILIPPINES,2019.12.02,23.21,25.53,21.31,23.44,22.98,N/A,N/A
PHILIPPINES,2019.11.29,23.20,25.52,21.30,23.43,22.97,N/A,N/A
PHILIPPINES,2019.11.28,23.20,25.52,21.30,23.43,22.97,N/A,N/A
PHILIPPINES,2019.11.27,23.16,25.47,21.27,23.39,22.93,N/A,N/A
PHILIPPINES,2019.11.26,23.14,25.45,21.25,23.37,22.91,N/A,N/A
PHILIPPINES,2019.11.25,23.16,25.47,21.27,23.39,22.93,N/A,N/A
PHILIPPINES,2019.11.22,23.17,25.48,21.28,23.40,22.94,N/A,N/A
PHILIPPINES,2019.11.21,23.12,25.43,21.23,23.35,22.89,N/A,N/A
PHILIPPINES,2019.11.20,23.00,25.30,21.12,23.23,22.77,N/A,N/A
PHILIPPINES,2019.11.19,22.95,25.24,21.07,23.17,22.73,N/A,N/A
PHILIPPINES,2019.11.18,23.01,25.31,21.13,23.24,22.78,N/A,N/A
MEXICO,2019.12.13,61.69,67.85,56.51,62.30,61.08,N/A,N/A
MEXICO,2019.12.12,62.21,68.43,56.99,62.83,61.59,N/A,N/A
MEXICO,2019.12.11,62.11,68.32,56.90,62.73,61.49,N/A,N/A
MEXICO,2019.12.10,61.95,68.14,56.75,62.56,61.34,N/A,N/A
MEXICO,2019.12.09,61.86,68.04,56.67,62.47,61.25,N/A,N/A
MEXICO,2019.12.06,61.46,67.60,56.30,62.07,60.85,N/A,N/A
MEXICO,2019.12.05,61.28,67.40,56.14,61.89,60.67,N/A,N/A
MEXICO,2019.12.04,61.06,67.16,55.94,61.67,60.45,N/A,N/A
MEXICO,2019.12.03,60.76,66.83,55.66,61.36,60.16,N/A,N/A
MEXICO,2019.12.02,60.67,66.73,55.58,61.27,60.07,N/A,N/A
MEXICO,2019.11.29,60.72,66.79,55.62,61.32,60.12,N/A,N/A
MEXICO,2019.11.28,60.20,66.22,55.15,60.80,59.60,N/A,N/A
MEXICO,2019.11.27,60.42,66.46,55.35,61.02,59.82,N/A,N/A
MEXICO,2019.11.26,60.62,66.68,55.53,61.22,60.02,N/A,N/A
MEXICO,2019.11.25,60.75,66.82,55.65,61.35,60.15,N/A,N/A
MEXICO,2019.11.22,60.77,66.84,55.67,61.37,60.17,N/A,N/A
MEXICO,2019.11.21,60.51,66.56,55.43,61.11,59.91,N/A,N/A
MEXICO,2019.11.20,60.29,66.31,55.23,60.89,59.69,N/A,N/A
MEXICO,2019.11.19,60.48,66.52,55.40,61.08,59.88,N/A,N/A
MEXICO,2019.11.18,60.55,66.60,55.47,61.15,59.95,N/A,N/A
SWITZERLAND,2019.12.13,1191.30,1214.76,1167.84,1203.21,1179.39,N/A,1179.01
SWITZERLAND,2019.12.12,1210.49,1234.33,1186.65,1222.59,1198.39,N/A,1198.01
SWITZERLAND,2019.12.11,1213.20,1237.10,1189.30,1225.33,1201.07,N/A,1200.68
SWITZERLAND,2019.12.10,1209.05,1232.86,1185.24,1221.14,1196.96,N/A,1196.57
SWITZERLAND,2019.12.09,1203.03,1226.72,1179.34,1215.06,1191.00,N/A,1190.62
SWITZERLAND,2019.12.06,1203.40,1227.10,1179.70,1215.43,1191.37,N/A,1190.98
SWITZERLAND,2019.12.05,1204.73,1228.46,1181.00,1216.77,1192.69,N/A,1192.31
SWITZERLAND,2019.12.04,1206.57,1230.33,1182.81,1218.63,1194.51,N/A,1194.13
SWITZERLAND,2019.12.03,1202.87,1226.56,1179.18,1214.89,1190.85,N/A,1190.47
SWITZERLAND,2019.12.02,1185.53,1208.88,1162.18,1197.38,1173.68,N/A,1173.31
SWITZERLAND,2019.11.29,1180.24,1203.49,1156.99,1192.04,1168.44,N/A,1168.07
SWITZERLAND,2019.11.28,1180.95,1204.21,1157.69,1192.75,1169.15,N/A,1168.76
SWITZERLAND,2019.11.27,1179.98,1203.22,1156.74,1191.77,1168.19,N/A,1167.80
SWITZERLAND,2019.11.26,1180.75,1204.01,1157.49,1192.55,1168.95,N/A,1168.55
SWITZERLAND,2019.11.25,1179.57,1202.80,1156.34,1191.36,1167.78,N/A,1167.39
SWITZERLAND,2019.11.22,1184.63,1207.96,1161.30,1196.47,1172.79,N/A,1172.39
SWITZERLAND,2019.11.21,1186.42,1209.79,1163.05,1198.28,1174.56,N/A,1174.16
SWITZERLAND,2019.11.20,1180.59,1203.84,1157.34,1192.39,1168.79,N/A,1168.39
SWITZERLAND,2019.11.19,1176.92,1200.10,1153.74,1188.68,1165.16,N/A,1164.76
SWITZERLAND,2019.11.18,1176.80,1199.98,1153.62,1188.56,1165.04,N/A,1164.64
NEWZEALAND,2019.12.13,775.63,790.90,760.36,783.38,767.88,N/A,767.20
NEWZEALAND,2019.12.12,782.78,798.20,767.36,790.60,774.96,N/A,774.27
NEWZEALAND,2019.12.11,782.17,797.57,766.77,789.99,774.35,N/A,773.54
NEWZEALAND,2019.12.10,780.28,795.65,764.91,788.08,772.48,N/A,771.70
NEWZEALAND,2019.12.09,780.82,796.20,765.44,788.62,773.02,N/A,772.21
NEWZEALAND,2019.12.06,781.26,796.65,765.87,789.07,773.45,N/A,772.76
NEWZEALAND,2019.12.05,777.66,792.97,762.35,785.43,769.89,N/A,769.12
NEWZEALAND,2019.12.04,776.76,792.06,761.46,784.52,769.00,N/A,768.32
NEWZEALAND,2019.12.03,775.29,790.56,760.02,783.04,767.54,N/A,766.86
NEWZEALAND,2019.12.02,766.75,781.85,751.65,774.41,759.09,N/A,758.42
NEWZEALAND,2019.11.29,758.98,773.93,744.03,766.56,751.40,N/A,750.74
NEWZEALAND,2019.11.28,757.92,772.85,742.99,765.49,750.35,N/A,749.70
NEWZEALAND,2019.11.27,756.66,771.56,741.76,764.22,749.10,N/A,748.43
NEWZEALAND,2019.11.26,755.84,770.73,740.95,763.39,748.29,N/A,747.62
NEWZEALAND,2019.11.25,754.78,769.64,739.92,762.32,747.24,N/A,746.57
NEWZEALAND,2019.11.22,755.98,770.87,741.09,763.53,748.43,N/A,747.76
NEWZEALAND,2019.11.21,756.26,771.15,741.37,763.82,748.70,N/A,748.03
NEWZEALAND,2019.11.20,751.52,766.32,736.72,759.03,744.01,N/A,743.34
NEWZEALAND,2019.11.19,747.43,762.15,732.71,754.90,739.96,N/A,739.30
NEWZEALAND,2019.11.18,746.15,760.84,731.46,753.61,738.69,N/A,738.03
SWEDEN,2019.12.13,125.53,128.60,122.46,126.78,124.28,N/A,124.22
SWEDEN,2019.12.12,126.63,129.73,123.53,127.89,125.37,N/A,125.31
SWEDEN,2019.12.11,126.68,129.78,123.58,127.94,125.42,N/A,125.36
SWEDEN,2019.12.10,125.10,128.16,122.04,126.35,123.85,N/A,123.79
SWEDEN,2019.12.09,125.12,128.18,122.06,126.37,123.87,N/A,123.81
SWEDEN,2019.12.06,125.49,128.56,122.42,126.74,124.24,N/A,124.18
SWEDEN,2019.12.05,125.44,128.51,122.37,126.69,124.19,N/A,124.13
SWEDEN,2019.12.04,125.08,128.14,122.02,126.33,123.83,N/A,123.76
SWEDEN,2019.12.03,124.83,127.88,121.78,126.07,123.59,N/A,123.53
SWEDEN,2019.12.02,123.98,127.01,120.95,125.21,122.75,N/A,122.69
SWEDEN,2019.11.29,123.66,126.68,120.64,124.89,122.43,N/A,122.37
SWEDEN,2019.11.28,122.91,125.92,119.90,124.13,121.69,N/A,121.63
SWEDEN,2019.11.27,122.70,125.70,119.70,123.92,121.48,N/A,121.42
SWEDEN,2019.11.26,122.57,125.57,119.57,123.79,121.35,N/A,121.29
SWEDEN,2019.11.25,122.33,125.32,119.34,123.55,121.11,N/A,121.05
SWEDEN,2019.11.22,122.28,125.27,119.29,123.50,121.06,N/A,121.00
SWEDEN,2019.11.21,122.25,125.24,119.26,123.47,121.03,N/A,120.97
SWEDEN,2019.11.20,120.72,123.67,117.77,121.92,119.52,N/A,119.46
SWEDEN,2019.11.19,121.25,124.22,118.28,122.46,120.04,N/A,119.98
SWEDEN,2019.11.18,120.95,123.91,117.99,122.15,119.75,N/A,119.69
SAUDIARABIA,2019.12.13,312.51,332.19,290.95,315.63,309.39,N/A,309.04
SAUDIARABIA,2019.12.12,317.05,337.02,295.18,320.22,313.88,N/A,313.54
SAUDIARABIA,2019.12.11,318.58,338.65,296.60,321.76,315.40,N/A,315.06
SAUDIARABIA,2019.12.10,317.86,337.88,295.93,321.03,314.69,N/A,314.34
SAUDIARABIA,2019.12.09,317.60,337.60,295.69,320.77,314.43,N/A,314.08
SAUDIARABIA,2019.12.06,317.20,337.18,295.32,320.37,314.03,N/A,313.69
SAUDIARABIA,2019.12.05,317.60,337.60,295.69,320.77,314.43,N/A,314.08
SAUDIARABIA,2019.12.04,318.13,338.17,296.18,321.31,314.95,N/A,314.60
SAUDIARABIA,2019.12.03,317.33,337.32,295.44,320.50,314.16,N/A,313.81
SAUDIARABIA,2019.12.02,316.00,335.90,294.20,319.16,312.84,N/A,312.49
SAUDIARABIA,2019.11.29,314.67,334.49,292.96,317.81,311.53,N/A,311.19
SAUDIARABIA,2019.11.28,314.40,334.20,292.71,317.54,311.26,N/A,310.88
SAUDIARABIA,2019.11.27,313.99,333.77,292.33,317.12,310.86,N/A,310.51
SAUDIARABIA,2019.11.26,313.99,333.77,292.33,317.12,310.86,N/A,310.51
SAUDIARABIA,2019.11.25,313.72,333.48,292.08,316.85,310.59,N/A,310.24
SAUDIARABIA,2019.11.22,314.12,333.90,292.45,317.26,310.98,N/A,310.63
SAUDIARABIA,2019.11.21,313.45,333.19,291.83,316.58,310.32,N/A,309.98
SAUDIARABIA,2019.11.20,312.12,331.78,290.59,315.24,309.00,N/A,308.65
SAUDIARABIA,2019.11.19,311.05,330.64,289.59,314.16,307.94,N/A,307.59
SAUDIARABIA,2019.11.18,310.79,330.36,289.35,313.89,307.69,N/A,307.35
